"","tempo","imode"
"1",0,9
"2",0.01,9.11470490603012
"3",0.02,9.23083432228746
"4",0.03,9.3484049724509
"5",0.04,9.4674337514019
"6",0.05,9.58793772630712
"7",0.06,9.70993413768828
"8",0.07,9.8334404004783
"9",0.08,9.95847410506324
"10",0.09,10.085053018309
"11",0.1,10.2131950845721
"12",0.11,10.3429184266939
"13",0.12,10.4742413469763
"14",0.13,10.6071823281405
"15",0.14,10.7417600342646
"16",0.15,10.8779933117019
"17",0.16,11.0159011899777
"18",0.17,11.1555028826638
"19",0.18,11.2968177882292
"20",0.19,11.4398654908675
"21",0.2,11.5846657612979
"22",0.21,11.7312385575405
"23",0.22,11.8796040256638
"24",0.23,12.0297825005033
"25",0.24,12.1817945063507
"26",0.25,12.3356607576119
"27",0.26,12.4914021594324
"28",0.27,12.64903980829
"29",0.28,12.8085949925522
"30",0.29,12.9700891929978
"31",0.3,13.1335440833006
"32",0.31,13.2989815304756
"33",0.32,13.4664235952837
"34",0.33,13.6358925325956
"35",0.34,13.8074107917129
"36",0.35,13.981001016644
"37",0.36,14.1566860463348
"38",0.37,14.3344889148513
"39",0.38,14.5144328515133
"40",0.39,14.6965412809778
"41",0.4,14.8808378232687
"42",0.41,15.0673462937546
"43",0.42,15.2560907030683
"44",0.43,15.4470952569712
"45",0.44,15.6403843561563
"46",0.45,15.8359825959918
"47",0.46,16.0339147662005
"48",0.47,16.234205850475
"49",0.48,16.436881026026
"50",0.49,16.6419656630613
"51",0.5,16.8494853241951
"52",0.51,17.0594657637833
"53",0.52,17.2719329271849
"54",0.53,17.4869129499461
"55",0.54,17.7044321569049
"56",0.55,17.9245170612151
"57",0.56,18.147194363286
"58",0.57,18.372490949637
"59",0.58,18.6004338916639
"60",0.59,18.8310504443144
"61",0.6,19.0643680446715
"62",0.61,19.3004143104409
"63",0.62,19.5392170383418
"64",0.63,19.7808042023965
"65",0.64,20.0252039521181
"66",0.65,20.2724446105926
"67",0.66,20.5225546724537
"68",0.67,20.7755628017464
"69",0.68,21.0314978296784
"70",0.69,21.2903887522551
"71",0.7,21.5522647277964
"72",0.71,21.8171550743321
"73",0.72,22.0850892668731
"74",0.73,22.3560969345562
"75",0.74,22.630207857658
"76",0.75,22.9074519644778
"77",0.76,23.1878593280829
"78",0.77,23.4714601629168
"79",0.78,23.7582848212655
"80",0.79,24.0483637895783
"81",0.8,24.3417276846422
"82",0.81,24.6384072496046
"83",0.82,24.9384333498425
"84",0.83,25.2418369686749
"85",0.84,25.5486492029145
"86",0.85,25.8589012582565
"87",0.86,26.172624444501
"88",0.87,26.4898501706051
"89",0.88,26.8106099395622
"90",0.89,27.1349353431058
"91",0.9,27.4628580562325
"92",0.91,27.7944098315434
"93",0.92,28.1296224933985
"94",0.93,28.4685279318824
"95",0.94,28.811158096577
"96",0.95,29.1575449901381
"97",0.96,29.5077206616732
"98",0.97,29.861717199916
"99",0.98,30.2195667261951
"100",0.99,30.5813013871942
"101",1,30.9469533474989
"102",1.01,31.3165547819278
"103",1.02,31.6901378676451
"104",1.03,32.0677347760501
"105",1.04,32.4493776644416
"106",1.05,32.8350986674533
"107",1.06,33.2249298882574
"108",1.07,33.618903389533
"109",1.08,34.0170511841959
"110",1.09,34.4194052258877
"111",1.1,34.8259973992201
"112",1.11,35.236859509772
"113",1.12,35.6520232738361
"114",1.13,36.0715203079128
"115",1.14,36.4953821179476
"116",1.15,36.9236400883097
"117",1.16,37.3563254705096
"118",1.17,37.7934693716526
"119",1.18,38.2351027426249
"120",1.19,38.6812563660116
"121",1.2,39.1319608437425
"122",1.21,39.5872465844651
"123",1.22,40.0471437906405
"124",1.23,40.5116824453626
"125",1.24,40.9808922988964
"126",1.25,41.4548028549354
"127",1.26,41.9334433565751
"128",1.27,42.4168427720014
"129",1.28,42.9050297798932
"130",1.29,43.3980327545368
"131",1.3,43.8958797506513
"132",1.31,44.3985984879246
"133",1.32,44.9062163352585
"134",1.33,45.4187602947228
"135",1.34,45.936256985217
"136",1.35,46.4587326258408
"137",1.36,46.9862130189718
"138",1.37,47.5187235330515
"139",1.38,48.05628908508
"140",1.39,48.5989341228189
"141",1.4,49.1466826067041
"142",1.41,49.6995579914698
"143",1.42,50.2575832074839
"144",1.43,50.8207806417968
"145",1.44,51.3891721189058
"146",1.45,51.9627788812364
"147",1.46,52.5416215693433
"148",1.47,53.1257202018335
"149",1.48,53.7150941550144
"150",1.49,54.3097621422701
"151",1.5,54.9097421931693
"152",1.51,55.5150516323088
"153",1.52,56.1257070578963
"154",1.53,56.7417243200781
"155",1.54,57.3631184990145
"156",1.55,57.9899038827106
"157",1.56,58.6220939446052
"158",1.57,59.2597013209267
"159",1.58,59.9027377878194
"160",1.59,60.5512142382492
"161",1.6,61.2051406586939
"162",1.61,61.8645261056273
"163",1.62,62.5293786818028
"164",1.63,63.1997055123472
"165",1.64,63.8755127206712
"166",1.65,64.5568054042074
"167",1.66,65.243587609984
"168",1.67,65.9358623100449
"169",1.68,66.6336313767272
"170",1.69,67.3368955578052
"171",1.7,68.0456544515143
"172",1.71,68.7599064814654
"173",1.72,69.4796488714617
"174",1.73,70.2048776202327
"175",1.74,70.9355874760957
"176",1.75,71.6717719115613
"177",1.76,72.4134230978948
"178",1.77,73.1605318796503
"179",1.78,73.9130877491904
"180",1.79,74.6710788212098
"181",1.8,75.4344918072761
"182",1.81,76.2033119904067
"183",1.82,76.977523199698
"184",1.83,77.7571077850245
"185",1.84,78.542046591826
"186",1.85,79.3323189360021
"187",1.86,80.1279025789315
"188",1.87,80.9287737026379
"189",1.88,81.7349068851207
"190",1.89,82.5462750758719
"191",1.9,83.3628495715997
"192",1.91,84.1845999921812
"193",1.92,85.0114942568648
"194",1.93,85.8434985607455
"195",1.94,86.6805773515357
"196",1.95,87.5226933066546
"197",1.96,88.3698073106598
"198",1.97,89.2218784330453
"199",1.98,90.0788639064297
"200",1.99,90.9407191051607
"201",2,91.8073975243588
"202",2.01,92.6788507594286
"203",2.02,93.5550284860603
"204",2.03,94.4358784407501
"205",2.04,95.3213464018644
"206",2.05,96.2113761712752
"207",2.06,97.1059095565924
"208",2.07,98.004886354022
"209",2.08,98.9082443318759
"210",2.09,99.8159192147613
"211",2.1,100.727844668477
"212",2.11,101.643952285646
"213",2.12,102.564171572108
"214",2.13,103.488429934108
"215",2.14,104.416652666295
"216",2.15,105.348762940576
"217",2.16,106.28468179584
"218",2.17,107.224328128583
"219",2.18,108.167618684466
"220",2.19,109.114468050829
"221",2.2,110.06478865019
"222",2.21,111.018490734757
"223",2.22,111.975482381978
"224",2.23,112.935669491156
"225",2.24,113.89895578116
"226",2.25,114.865242789253
"227",2.26,115.834429871057
"228",2.27,116.806414201699
"229",2.28,117.78109077814
"230",2.29,118.75835242273
"231",2.3,119.738089787998
"232",2.31,120.72019136271
"233",2.32,121.704543479213
"234",2.33,122.691030322089
"235",2.34,123.679533938132
"236",2.35,124.669934247685
"237",2.36,125.662109057336
"238",2.37,126.655934074002
"239",2.38,127.651282920427
"240",2.39,128.648027152088
"241",2.4,129.646036275543
"242",2.41,130.645177768234
"243",2.42,131.645317099748
"244",2.43,132.646317754556
"245",2.44,133.648041256242
"246",2.45,134.650347193222
"247",2.46,135.653093245983
"248",2.47,136.656135215816
"249",2.48,137.659327055084
"250",2.49,138.662520899006
"251",2.5,139.665567098969
"252",2.51,140.668314257364
"253",2.52,141.67060926396
"254",2.53,142.672297333798
"255",2.54,143.673222046607
"256",2.55,144.67322538775
"257",2.56,145.672147790672
"258",2.57,146.669828180863
"259",2.58,147.666104021315
"260",2.59,148.660811359464
"261",2.6,149.653784875604
"262",2.61,150.644857932769
"263",2.62,151.633862628045
"264",2.63,152.620629845317
"265",2.64,153.60498930942
"266",2.65,154.586769641673
"267",2.66,155.565798416777
"268",2.67,156.541902221043
"269",2.68,157.514906711946
"270",2.69,158.484636678945
"271",2.7,159.450916105564
"272",2.71,160.413568232695
"273",2.72,161.372415623084
"274",2.73,162.327280226974
"275",2.74,163.277983448861
"276",2.75,164.224346215331
"277",2.76,165.166189043929
"278",2.77,166.103332113029
"279",2.78,167.03559533266
"280",2.79,167.962798416229
"281",2.8,168.88476095312
"282",2.81,169.801302482097
"283",2.82,170.712242565477
"284",2.83,171.617400864018
"285",2.84,172.516597212472
"286",2.85,173.409651695743
"287",2.86,174.296384725606
"288",2.87,175.176617117926
"289",2.88,176.05017017032
"290",2.89,176.916865740206
"291",2.9,177.776526323181
"292",2.91,178.628975131666
"293",2.92,179.474036173764
"294",2.93,180.311534332258
"295",2.94,181.141295443702
"296",2.95,181.963146377529
"297",2.96,182.776915115129
"298",2.97,183.582430828809
"299",2.98,184.379523960601
"300",2.99,185.168026300828
"301",3,185.947771066385
"302",3.01,186.718592978647
"303",3.02,187.480328340966
"304",3.03,188.23281511567
"305",3.04,188.97589300051
"306",3.05,189.709403504491
"307",3.06,190.433190023024
"308",3.07,191.147097912323
"309",3.08,191.850974563002
"310",3.09,192.544669472798
"311",3.1,193.228034318358
"312",3.11,193.900923026034
"313",3.12,194.563191841622
"314",3.13,195.214699398983
"315",3.14,195.855306787491
"316",3.15,196.484877618254
"317",3.16,197.103278089036
"318",3.17,197.710377047842
"319",3.18,198.306046055107
"320",3.19,198.890159444424
"321",3.2,199.462594381775
"322",3.21,200.023230923212
"323",3.22,200.571952070927
"324",3.23,201.108643827684
"325",3.24,201.633195249547
"326",3.25,202.145498496876
"327",3.26,202.645448883546
"328",3.27,203.132944924341
"329",3.28,203.607888380493
"330",3.29,204.070184303326
"331",3.3,204.519741075979
"332",3.31,204.956470453158
"333",3.32,205.380287598909
"334",3.33,205.791111122365
"335",3.34,206.188863111453
"336",3.35,206.573469164532
"337",3.36,206.944858419943
"338",3.37,207.302963583451
"339",3.38,207.647720953557
"340",3.39,207.979070444677
"341",3.4,208.296955608156
"342",3.41,208.601323651134
"343",3.42,208.892125453222
"344",3.43,209.169315581017
"345",3.44,209.432852300421
"346",3.45,209.682697586787
"347",3.46,209.918817132877
"348",3.47,210.141180354641
"349",3.48,210.349760394821
"350",3.49,210.544534124393
"351",3.5,210.725482141843
"352",3.51,210.892588770299
"353",3.52,211.045842052537
"354",3.53,211.185233743861
"355",3.54,211.310759302885
"356",3.55,211.422417880242
"357",3.56,211.520212305227
"358",3.57,211.604149070408
"359",3.58,211.674238314228
"360",3.59,211.730493801626
"361",3.6,211.772932902698
"362",3.61,211.801576569445
"363",3.62,211.816449310621
"364",3.63,211.81757916473
"365",3.64,211.804997671193
"366",3.65,211.778739839743
"367",3.66,211.73884411806
"368",3.67,211.685352357702
"369",3.68,211.618309778373
"370",3.69,211.537764930562
"371",3.7,211.443769656599
"372",3.71,211.336379050176
"373",3.72,211.215651414371
"374",3.73,211.081648218226
"375",3.74,210.93443405193
"376",3.75,210.774076580639
"377",3.76,210.600646497001
"378",3.77,210.414217472419
"379",3.78,210.214866107115
"380",3.79,210.002671879032
"381",3.8,209.777717091631
"382",3.81,209.540086820643
"383",3.82,209.289868859804
"384",3.83,209.02715366565
"385",3.84,208.752034301408
"386",3.85,208.464606380038
"387",3.86,208.164968006482
"388",3.87,207.853219719162
"389",3.88,207.529464430799
"390",3.89,207.193807368574
"391",3.9,206.846356013715
"392",3.91,206.487220040534
"393",3.92,206.116511254984
"394",3.93,205.734343532781
"395",3.94,205.340832757129
"396",3.95,204.936096756119
"397",3.96,204.520255239836
"398",3.97,204.093429737229
"399",3.98,203.655743532783
"400",3.99,203.20732160306
"401",4,202.748290553132
"402",4.01,202.278778552968
"403",4.02,201.798915273815
"404",4.03,201.308831824617
"405",4.04,200.808660688521
"406",4.05,200.2985356595
"407",4.06,199.778591779147
"408",4.07,199.248965273682
"409",4.08,198.709793491199
"410",4.09,198.161214839205
"411",4.1,197.603368722482
"412",4.11,197.03639548131
"413",4.12,196.460436330093
"414",4.13,195.875633296412
"415",4.14,195.282129160546
"416",4.15,194.680067395498
"417",4.16,194.069592107542
"418",4.17,193.450847977343
"419",4.18,192.82398020166
"420",4.19,192.189134435673
"421",4.2,191.546456735954
"422",4.21,190.896093504115
"423",4.22,190.238191431149
"424",4.23,189.572897442496
"425",4.24,188.900358643854
"426",4.25,188.220722267755
"427",4.26,187.534135620929
"428",4.27,186.840746032472
"429",4.28,186.14070080284
"430",4.29,185.434147153688
"431",4.3,184.721232178561
"432",4.31,184.002102794462
"433",4.32,183.276905694305
"434",4.33,182.545787300271
"435",4.34,181.808893718075
"436",4.35,181.06637069215
"437",4.36,180.318363561775
"438",4.37,179.565017218135
"439",4.38,178.806476062335
"440",4.39,178.042883964371
"441",4.4,177.274384223061
"442",4.41,176.501119526949
"443",4.42,175.723231916173
"444",4.43,174.940862745318
"445",4.44,174.154152647241
"446",4.45,173.363241497874
"447",4.46,172.568268382017
"448",4.47,171.7693715601
"449",4.48,170.966688435935
"450",4.49,170.160355525436
"451",4.5,169.350508426328
"452",4.51,168.53728178882
"453",4.52,167.720809287249
"454",4.53,166.901223592695
"455",4.54,166.078656346551
"456",4.55,165.253238135051
"457",4.56,164.425098464749
"458",4.57,163.594365738936
"459",4.58,162.761167234999
"460",4.59,161.925629082701
"461",4.6,161.087876243385
"462",4.61,160.24803249009
"463",4.62,159.406220388562
"464",4.63,158.562561279169
"465",4.64,157.717175259686
"466",4.65,156.870181168959
"467",4.66,156.02169657143
"468",4.67,155.171837742512
"469",4.68,154.320719654798
"470",4.69,153.468455965104
"471",4.7,152.615159002324
"472",4.71,151.760939756086
"473",4.72,150.905907866203
"474",4.73,150.050171612896
"475",4.74,149.193837907785
"476",4.75,148.337012285633
"477",4.76,147.479798896824
"478",4.77,146.622300500566
"479",4.78,145.764618458811
"480",4.79,144.906852730866
"481",4.8,144.049101868687
"482",4.81,143.191463012847
"483",4.82,142.334031889158
"484",4.83,141.476902805934
"485",4.84,140.620168651877
"486",4.85,139.763920894583
"487",4.86,138.908249579643
"488",4.87,138.05324333033
"489",4.88,137.198989347853
"490",4.89,136.345573412171
"491",4.9,135.49307988335
"492",4.91,134.641591703442
"493",4.92,133.791190398883
"494",4.93,132.941956083387
"495",4.94,132.093967461333
"496",4.95,131.247301831612
"497",4.96,130.402035091943
"498",4.97,129.558241743628
"499",4.98,128.715994896739
"500",4.99,127.875366275721
"501",5,127.036426225403
"502",5.01,126.19924371739
"503",5.02,125.363886356849
"504",5.03,124.530420389641
"505",5.04,123.698910709817
"506",5.05,122.869420867449
"507",5.06,122.042013076789
"508",5.07,121.216748224739
"509",5.08,120.393685879625
"510",5.09,119.572884300262
"511",5.1,118.754400445295
"512",5.11,117.938289982805
"513",5.12,117.124607300174
"514",5.13,116.313405514192
"515",5.14,115.504736481391
"516",5.15,114.698650808609
"517",5.16,113.895197863756
"518",5.17,113.094425786787
"519",5.18,112.296381500862
"520",5.19,111.501110723682
"521",5.2,110.708657978999
"522",5.21,109.919066608283
"523",5.22,109.132378782539
"524",5.23,108.348635514269
"525",5.24,107.567876669556
"526",5.25,106.790140980278
"527",5.26,106.015466056433
"528",5.27,105.243888398572
"529",5.28,104.475443410318
"530",5.29,103.710165410987
"531",5.3,102.948087648281
"532",5.31,102.189242311053
"533",5.32,101.433660542139
"534",5.33,100.681372451251
"535",5.34,99.9324071279076
"536",5.35,99.1867926544242
"537",5.36,98.4445561189247
"538",5.37,97.7057236283909
"539",5.38,96.9703203217317
"540",5.39,96.2383703828692
"541",5.4,95.5098970538359
"542",5.41,94.7849226478749
"543",5.42,94.0634685625403
"544",5.43,93.3455552927892
"545",5.44,92.6312024440623
"546",5.45,91.920428745347
"547",5.46,91.213252062216
"548",5.47,90.509689409841
"549",5.48,89.8097569659712
"550",5.49,89.1134700838771
"551",5.5,88.4208433052512
"552",5.51,87.7318903730642
"553",5.52,87.0466242443701
"554",5.53,86.365057103059
"555",5.54,85.6872003725512
"556",5.55,85.0130647284302
"557",5.56,84.342660111011
"558",5.57,83.6759957378409
"559",5.58,83.0130801161274
"560",5.59,82.3539210550928
"561",5.6,81.6985256782506
"562",5.61,81.0469004356024
"563",5.62,80.3990511157503
"564",5.63,79.754982857925
"565",5.64,79.1147001639254
"566",5.65,78.4782069099668
"567",5.66,77.8455063584382
"568",5.67,77.216601169563
"569",5.68,76.5914934129637
"570",5.69,75.9701845791283
"571",5.7,75.3526755907756
"572",5.71,74.7389668141183
"573",5.72,74.1290580700226
"574",5.73,73.5229486450627
"575",5.74,72.9206373024686
"576",5.75,72.322122292966
"577",5.76,71.7274013655066
"578",5.77,71.1364717778895
"579",5.78,70.5493303072703
"580",5.79,69.9659732605581
"581",5.8,69.3863964847004
"582",5.81,68.8105953768533
"583",5.82,68.2385648944381
"584",5.83,67.6702995650819
"585",5.84,67.1057934964436
"586",5.85,66.545040385923
"587",5.86,65.9880335302543
"588",5.87,65.4347658349818
"589",5.88,64.8852298238194
"590",5.89,64.3394176478924
"591",5.9,63.7973210948617
"592",5.91,63.2589315979314
"593",5.92,62.7242402447374
"594",5.93,62.1932377861197
"595",5.94,61.6659146447768
"596",5.95,61.1422609238029
"597",5.96,60.6222664151074
"598",5.97,60.1059206077186
"599",5.98,59.5932126959694
"600",5.99,59.084131587568
"601",6,58.5786659115512
"602",6.01,58.0768040261236
"603",6.02,57.5785340263803
"604",6.03,57.0838437519159
"605",6.04,56.5927207943186
"606",6.05,56.1051525045512
"607",6.06,55.6211260002186
"608",6.07,55.1406281727234
"609",6.08,54.6636456943088
"610",6.09,54.1901650249913
"611",6.1,53.720172419382
"612",6.11,53.2536539333994
"613",6.12,52.7905954308715
"614",6.13,52.3309825900311
"615",6.14,51.8748009099031
"616",6.15,51.422035716585
"617",6.16,50.9726721694218
"618",6.17,50.5266952670758
"619",6.18,50.0840898534925
"620",6.19,49.6448406237629
"621",6.2,49.2089321298841
"622",6.21,48.7763487864176
"623",6.22,48.347074876048
"624",6.23,47.9210945550416
"625",6.24,47.4983918586067
"626",6.25,47.0789507061557
"627",6.26,46.6627549064717
"628",6.27,46.249788162778
"629",6.28,45.8400340777141
"630",6.29,45.433476158217
"631",6.3,45.030097820311
"632",6.31,44.6298823938046
"633",6.32,44.2328131268974
"634",6.33,43.8388731906975
"635",6.34,43.4480456836497
"636",6.35,43.0603136358769
"637",6.36,42.6756600134341
"638",6.37,42.2940677224775
"639",6.38,41.9155196133488
"640",6.39,41.5399984845764
"641",6.4,41.1674870867938
"642",6.41,40.7979681265769
"643",6.42,40.4314242702007
"644",6.43,40.0678381473172
"645",6.44,39.7071923545545
"646",6.45,39.349469459039
"647",6.46,38.9946520018414
"648",6.47,38.6427225013473
"649",6.48,38.2936634565539
"650",6.49,37.9474573502939
"651",6.5,37.6040866523861
"652",6.51,37.2635338227167
"653",6.52,36.9257813142489
"654",6.53,36.5908115759645
"655",6.54,36.2586070557368
"656",6.55,35.9291502031372
"657",6.56,35.6024234721745
"658",6.57,35.2784093239705
"659",6.58,34.9570902293708
"660",6.59,34.6384486714918
"661",6.6,34.3224671482071
"662",6.61,34.0091281745715
"663",6.62,33.6984142851848
"664",6.63,33.3903080364968
"665",6.64,33.0847920090536
"666",6.65,32.7818488096866
"667",6.66,32.4814610736446
"668",6.67,32.1836114666711
"669",6.68,31.8882826870256
"670",6.69,31.5954574674525
"671",6.7,31.3051185770961
"672",6.71,31.0172488233642
"673",6.72,30.7318310537398
"674",6.73,30.4488481575433
"675",6.74,30.1682830676449
"676",6.75,29.890118762128
"677",6.76,29.6143382659059
"678",6.77,29.3409246522905
"679",6.78,29.0698610445152
"680",6.79,28.8011306172134
"681",6.8,28.534716597851
"682",6.81,28.2706022681161
"683",6.82,28.0087709652663
"684",6.83,27.7492060834325
"685",6.84,27.4918910748827
"686",6.85,27.2368094512442
"687",6.86,26.9839447846866
"688",6.87,26.7332807090654
"689",6.88,26.4848009210272
"690",6.89,26.2384891810777
"691",6.9,25.9943293146119
"692",6.91,25.7523052129089
"693",6.92,25.5124008340908
"694",6.93,25.2746002040467
"695",6.94,25.0388874173226
"696",6.95,24.805246637978
"697",6.96,24.5736621004093
"698",6.97,24.3441181101409
"699",6.98,24.1165990445858
"700",6.99,23.8910893537737
"701",7,23.6675735610499
"702",7.01,23.4460362637443
"703",7.02,23.2264621338113
"704",7.03,23.0088359184409
"705",7.04,22.7931424406424
"706",7.05,22.5793665998005
"707",7.06,22.3674933722048
"708",7.07,22.1575078115531
"709",7.08,21.9493950494289
"710",7.09,21.7431402957543
"711",7.1,21.5387288392177
"712",7.11,21.3361460476782
"713",7.12,21.1353773685461
"714",7.13,20.9364083291404
"715",7.14,20.7392245370242
"716",7.15,20.5438116803179
"717",7.16,20.3501555279908
"718",7.17,20.1582419301319
"719",7.18,19.9680568182006
"720",7.19,19.7795862052562
"721",7.2,19.5928161861695
"722",7.21,19.4077329378135
"723",7.22,19.2243227192365
"724",7.23,19.0425718718172
"725",7.24,18.8624668194008
"726",7.25,18.6839940684188
"727",7.26,18.5071402079915
"728",7.27,18.3318919100135
"729",7.28,18.1582359292239
"730",7.29,17.98615910326
"731",7.3,17.8156483526957
"732",7.31,17.6466906810654
"733",7.32,17.479273174873
"734",7.33,17.313383003586
"735",7.34,17.149007419617
"736",7.35,16.9861337582907
"737",7.36,16.824749437798
"738",7.37,16.6648419591373
"739",7.38,16.506398906043
"740",7.39,16.3494079449024
"741",7.4,16.1938568246605
"742",7.41,16.0397333767126
"743",7.42,15.8870255147869
"744",7.43,15.7357212348154
"745",7.44,15.5858086147941
"746",7.45,15.4372758146334
"747",7.46,15.2901110759982
"748",7.47,15.1443027221383
"749",7.48,14.9998391577092
"750",7.49,14.8567088685839
"751",7.5,14.7149004216559
"752",7.51,14.574402464633
"753",7.52,14.4352037258237
"754",7.53,14.2972930139143
"755",7.54,14.1606592177388
"756",7.55,14.0252913060412
"757",7.56,13.8911783272303
"758",7.57,13.7583094091267
"759",7.58,13.626673758704
"760",7.59,13.4962606618226
"761",7.6,13.3670594829567
"762",7.61,13.2390596649158
"763",7.62,13.1122507285598
"764",7.63,12.9866222725078
"765",7.64,12.862163972842
"766",7.65,12.7388655828056
"767",7.66,12.6167169324957
"768",7.67,12.4957079285512
"769",7.68,12.375828553835
"770",7.69,12.2570688671132
"771",7.7,12.1394190027277
"772",7.71,12.0228691702664
"773",7.72,11.9074096542275
"774",7.73,11.7930308136812
"775",7.74,11.6797230819266
"776",7.75,11.5674769661458
"777",7.76,11.456283047053
"778",7.77,11.3461319785423
"779",7.78,11.2370144873303
"780",7.79,11.1289213725971
"781",7.8,11.0218435056233
"782",7.81,10.9157718294249
"783",7.82,10.8106973583852
"784",7.83,10.7066111778846
"785",7.84,10.6035044439273
"786",7.85,10.5013683827664
"787",7.86,10.4001942905265
"788",7.87,10.2999735328247
"789",7.88,10.2006975443889
"790",7.89,10.1023578286755
"791",7.9,10.0049459574842
"792",7.91,9.90845357057224
"793",7.92,9.81287237526648
"794",7.93,9.7181941460748
"795",7.94,9.62441072429576
"796",7.95,9.53151401762731
"797",7.96,9.43949599977453
"798",7.97,9.34834871005633
"799",7.98,9.25806425301138
"800",7.99,9.16863479800331
"801",8,9.08005257882517
"802",8.01,8.99230989330334
"803",8.02,8.90539910290104
"804",8.03,8.81931263232134
"805",8.04,8.73404296910986
"806",8.05,8.6495826632573
"807",8.06,8.56592432680169
"808",8.07,8.48306063343062
"809",8.08,8.40098431808343
"810",8.09,8.31968817655346
"811",8.1,8.23916506509041
"812",8.11,8.15940790000287
"813",8.12,8.08040965726108
"814",8.13,8.00216337210016
"815",8.14,7.92466213862343
"816",8.15,7.84789910940642
"817",8.16,7.77186749510128
"818",8.17,7.69656056404169
"819",8.18,7.62197164184846
"820",8.19,7.54809411103576
"821",8.2,7.47492141061799
"822",8.21,7.40244703571752
"823",8.22,7.33066453717322
"824",8.23,7.25956752114972
"825",8.24,7.18914964874771
"826",8.25,7.11940463561517
"827",8.26,7.05032625155953
"828",8.27,6.98190832016089
"829",8.28,6.91414471838633
"830",8.29,6.84702937620529
"831",8.3,6.78055627620619
"832",8.31,6.71471945321407
"833",8.32,6.64951299390964
"834",8.33,6.58493103644943
"835",8.34,6.52096777008737
"836",8.35,6.45761743479753
"837",8.36,6.39487432089838
"838",8.37,6.33273276867832
"839",8.38,6.27118716802264
"840",8.39,6.21023195804197
"841",8.4,6.14986162670211
"842",8.41,6.09007071045542
"843",8.42,6.03085379387373
"844",8.43,5.97220550928274
"845",8.44,5.91412053639802
"846",8.45,5.85659360196257
"847",8.46,5.79961947938601
"848",8.47,5.74319298838543
"849",8.48,5.68730899462777
"850",8.49,5.63196240937399
"851",8.5,5.57714818912486
"852",8.51,5.52286133526848
"853",8.52,5.46909689372947
"854",8.53,5.41584995461995
"855",8.54,5.36311565189222
"856",8.55,5.31088916299326
"857",8.56,5.2591657085209
"858",8.57,5.2079405518819
"859",8.58,5.15720899895173
"860",8.59,5.10696639773622
"861",8.6,5.05720813803504
"862",8.61,5.00792965110694
"863",8.62,4.95912640933688
"864",8.63,4.91079392590506
"865",8.64,4.86292775445767
"866",8.65,4.81552348877967
"867",8.66,4.76857676246931
"868",8.67,4.7220832486146
"869",8.68,4.67603865947167
"870",8.69,4.63043874614497
"871",8.7,4.58527929826942
"872",8.71,4.54055614369446
"873",8.72,4.49626514816992
"874",8.73,4.45240221503394
"875",8.74,4.40896328490271
"876",8.75,4.36594433536213
"877",8.76,4.32334138066141
"878",8.77,4.2811504714086
"879",8.78,4.23936769426802
"880",8.79,4.19798917165963
"881",8.8,4.15701106146031
"882",8.81,4.11642955670706
"883",8.82,4.07624088530217
"884",8.83,4.03644130972023
"885",8.84,3.99702712671718
"886",8.85,3.95799466704116
"887",8.86,3.91934029514539
"888",8.87,3.88106040890286
"889",8.88,3.84315143932309
"890",8.89,3.80560985027064
"891",8.9,3.76843213818564
"892",8.91,3.73161483180621
"893",8.92,3.69515449189277
"894",8.93,3.65904771095427
"895",8.94,3.62329111297633
"896",8.95,3.58788135315125
"897",8.96,3.55281511760996
"898",8.97,3.51808912315579
"899",8.98,3.48370011700021
"900",8.99,3.44964487650037
"901",9,3.41592020889858
"902",9.01,3.38252295106364
"903",9.02,3.34944996923398
"904",9.03,3.31669815876279
"905",9.04,3.28426444386486
"906",9.05,3.25214577736537
"907",9.06,3.22033914045046
"908",9.07,3.18884154241969
"909",9.08,3.15765002044028
"910",9.09,3.12676163930322
"911",9.1,3.09617349118114
"912",9.11,3.06588269538806
"913",9.12,3.03588639814089
"914",9.13,3.00618177232277
"915",9.14,2.97676601724811
"916",9.15,2.94763635842953
"917",9.16,2.91879004734651
"918",9.17,2.8902243612158
"919",9.18,2.86193660276363
"920",9.19,2.8339240999996
"921",9.2,2.8061842059924
"922",9.21,2.77871429864723
"923",9.22,2.75151178048491
"924",9.23,2.72457407842275
"925",9.24,2.69789864355714
"926",9.25,2.67148295094781
"927",9.26,2.64532449940379
"928",9.27,2.61942081127109
"929",9.28,2.59376943222201
"930",9.29,2.56836793104616
"931",9.3,2.54321389944309
"932",9.31,2.51830495181665
"933",9.32,2.49363872507087
"934",9.33,2.46921287840764
"935",9.34,2.44502509312582
"936",9.35,2.42107307242217
"937",9.36,2.39735454119369
"938",9.37,2.37386724584173
"939",9.38,2.35060895407755
"940",9.39,2.32757745472956
"941",9.4,2.30477055755207
"942",9.41,2.28218609303562
"943",9.42,2.25982191221885
"944",9.43,2.23767588650199
"945",9.44,2.21574590746171
"946",9.45,2.19402988666771
"947",9.46,2.17252575550064
"948",9.47,2.15123146497165
"949",9.48,2.13014498554337
"950",9.49,2.10926430695237
"951",9.5,2.08858743803318
"952",9.51,2.06811240654367
"953",9.52,2.04783725899199
"954",9.53,2.02776006046483
"955",9.54,2.00787889445728
"956",9.55,1.98819186270402
"957",9.56,1.96869708501191
"958",9.57,1.94939269909407
"959",9.58,1.93027686040531
"960",9.59,1.91134774197898
"961",9.6,1.8926035342652
"962",9.61,1.87404244497042
"963",9.62,1.85566269889841
"964",9.63,1.83746253779258
"965",9.64,1.81944022017962
"966",9.65,1.80159402121453
"967",9.66,1.78392223252693
"968",9.67,1.7664231620687
"969",9.68,1.74909513396296
"970",9.69,1.73193648835432
"971",9.7,1.7149455812604
"972",9.71,1.69812078442471
"973",9.72,1.68146048517071
"974",9.73,1.66496308625719
"975",9.74,1.6486270057349
"976",9.75,1.6324506768044
"977",9.76,1.61643254767516
"978",9.77,1.60057108142591
"979",9.78,1.58486475586617
"980",9.79,1.56931206339901
"981",9.8,1.553911510885
"982",9.81,1.53866161950737
"983",9.82,1.52356092463834
"984",9.83,1.50860797570662
"985",9.84,1.49380133606606
"986",9.85,1.47913958286552
"987",9.86,1.46462130691981
"988",9.87,1.45024511258179
"989",9.88,1.43600961761565
"990",9.89,1.42191345307125
"991",9.9,1.4079552631596
"992",9.91,1.39413370512942
"993",9.92,1.38044744914485
"994",9.93,1.36689517816418
"995",9.94,1.35347558781973
"996",9.95,1.34018738629872
"997",9.96,1.32702929422528
"998",9.97,1.31400004454342
"999",9.98,1.30109838240119
"1000",9.99,1.28832306503572
"1001",10,1.27567286165939
"1002",10.01,1.26314655334695
"1003",10.02,1.25074293292378
"1004",10.03,1.23846080485496
"1005",10.04,1.22629898513551
"1006",10.05,1.21425630118156
"1007",10.06,1.20233159172245
"1008",10.07,1.19052370669385
"1009",10.08,1.17883150713189
"1010",10.09,1.16725386506815
"1011",10.1,1.15578966342566
"1012",10.11,1.14443779591582
"1013",10.12,1.1331971669363
"1014",10.13,1.12206669146978
"1015",10.14,1.1110452949837
"1016",10.15,1.10013191333085
"1017",10.16,1.08932549265089
"1018",10.17,1.07862498927282
"1019",10.18,1.0680293696182
"1020",10.19,1.05753761010544
"1021",10.2,1.04714869705478
"1022",10.21,1.03686162659427
"1023",10.22,1.02667540456653
"1024",10.23,1.01658904643643
"1025",10.24,1.00660157719954
"1026",10.25,0.996712031291479
"1027",10.26,0.986919452498057
"1028",10.27,0.977222893866279
"1029",10.28,0.967621417616127
"1030",10.29,0.958114095053173
"1031",10.3,0.948700006482001
"1032",10.31,0.939378241120407
"1033",10.32,0.930147897014401
"1034",10.33,0.921008080953997
"1035",10.34,0.911957908389768
"1036",10.35,0.902996503350176
"1037",10.36,0.894122998359668
"1038",10.37,0.885336534357523
"1039",10.38,0.87663626061746
"1040",10.39,0.868021334667975
"1041",10.4,0.859490922213425
"1042",10.41,0.851044197055844
"1043",10.42,0.842680341017481
"1044",10.43,0.834398543864054
"1045",10.44,0.826198003228724
"1046",10.45,0.818077924536764
"1047",10.46,0.810037520930944
"1048",10.47,0.802076013197592
"1049",10.48,0.794192629693356
"1050",10.49,0.78638660627264
"1051",10.5,0.778657186215726
"1052",10.51,0.771003620157552
"1053",10.52,0.763425166017168
"1054",10.53,0.755921088927841
"1055",10.54,0.748490661167816
"1056",10.55,0.741133162091728
"1057",10.56,0.733847878062642
"1058",10.57,0.726634102384747
"1059",10.58,0.719491135236667
"1060",10.59,0.712418283605395
"1061",10.6,0.705414861220861
"1062",10.61,0.698480188491093
"1063",10.62,0.691613592438
"1064",10.63,0.684814406633758
"1065",10.64,0.678081971137782
"1066",10.65,0.671415632434297
"1067",10.66,0.664814743370502
"1068",10.67,0.6582786630953
"1069",10.68,0.651806756998619
"1070",10.69,0.645398396651295
"1071",10.7,0.639052959745523
"1072",10.71,0.632769830035876
"1073",10.72,0.626548397280862
"1074",10.73,0.620388057185053
"1075",10.74,0.614288211341747
"1076",10.75,0.608248267176174
"1077",10.76,0.602267637889238
"1078",10.77,0.59634574240179
"1079",10.78,0.590482005299431
"1080",10.79,0.58467585677783
"1081",10.8,0.578926732588568
"1082",10.81,0.573234073985482
"1083",10.82,0.567597327671529
"1084",10.83,0.56201594574615
"1085",10.84,0.556489385653124
"1086",10.85,0.551017110128927
"1087",10.86,0.545598587151576
"1088",10.87,0.540233289889958
"1089",10.88,0.534920696653639
"1090",10.89,0.529660290843152
"1091",10.9,0.524451560900752
"1092",10.91,0.519294000261646
"1093",10.92,0.514187107305679
"1094",10.93,0.509130385309483
"1095",10.94,0.504123342399082
"1096",10.95,0.499165491502944
"1097",10.96,0.494256350305486
"1098",10.97,0.489395441201009
"1099",10.98,0.484582291248088
"1100",10.99,0.479816432124384
"1101",11,0.475097400081893
"1102",11.01,0.470424735902617
"1103",11.02,0.465797984854661
"1104",11.03,0.461216696648748
"1105",11.04,0.456680425395149
"1106",11.05,0.452188729561021
"1107",11.06,0.447741171928157
"1108",11.07,0.443337319551136
"1109",11.08,0.438976743715875
"1110",11.09,0.434659019898573
"1111",11.1,0.430383727725055
"1112",11.11,0.426150450930495
"1113",11.12,0.421958777319534
"1114",11.13,0.417808298726771
"1115",11.14,0.413698610977638
"1116",11.15,0.409629313849646
"1117",11.16,0.405600011034003
"1118",11.17,0.401610310097603
"1119",11.18,0.397659822445371
"1120",11.19,0.39374816328298
"1121",11.2,0.389874951579914
"1122",11.21,0.386039810032895
"1123",11.22,0.38224236502965
"1124",11.23,0.37848224661304
"1125",11.24,0.374759088445517
"1126",11.25,0.371072527773938
"1127",11.26,0.3674222053947
"1128",11.27,0.363807765619227
"1129",11.28,0.360228856239776
"1130",11.29,0.356685128495575
"1131",11.3,0.353176237039294
"1132",11.31,0.349701839903819
"1133",11.32,0.346261598469371
"1134",11.33,0.342855177430921
"1135",11.34,0.339482244765926
"1136",11.35,0.336142471702379
"1137",11.36,0.332835532687156
"1138",11.37,0.329561105354682
"1139",11.38,0.326318870495885
"1140",11.39,0.323108512027458
"1141",11.4,0.319929716961413
"1142",11.41,0.316782175374929
"1143",11.42,0.313665580380492
"1144",11.43,0.31057962809632
"1145",11.44,0.307524017617078
"1146",11.45,0.304498450984868
"1147",11.46,0.301502633160509
"1148",11.47,0.29853627199508
"1149",11.48,0.295599078201754
"1150",11.49,0.29269076532789
"1151",11.5,0.289811049727403
"1152",11.51,0.286959650533394
"1153",11.52,0.284136289631054
"1154",11.53,0.281340691630819
"1155",11.54,0.278572583841787
"1156",11.55,0.275831696245402
"1157",11.56,0.273117761469377
"1158",11.57,0.27043051476188
"1159",11.58,0.267769693965961
"1160",11.59,0.265135039494238
"1161",11.6,0.262526294303818
"1162",11.61,0.259943203871459
"1163",11.62,0.257385516168984
"1164",11.63,0.254852981638923
"1165",11.64,0.25234535317039
"1166",11.65,0.249862386075203
"1167",11.66,0.247403838064224
"1168",11.67,0.244969469223935
"1169",11.68,0.242559041993241
"1170",11.69,0.240172321140493
"1171",11.7,0.237809073740737
"1172",11.71,0.235469069153184
"1173",11.72,0.233152078998896
"1174",11.73,0.230857877138689
"1175",11.74,0.228586239651253
"1176",11.75,0.226336944811479
"1177",11.76,0.224109773068999
"1178",11.77,0.221904507026937
"1179",11.78,0.219720931420859
"1180",11.79,0.217558833097934
"1181",11.8,0.215418000996296
"1182",11.81,0.213298226124599
"1183",11.82,0.211199301541783
"1184",11.83,0.209121022337026
"1185",11.84,0.207063185609894
"1186",11.85,0.205025590450684
"1187",11.86,0.203008037920961
"1188",11.87,0.201010331034277
"1189",11.88,0.199032274737083
"1190",11.89,0.197073675889826
"1191",11.9,0.195134343248224
"1192",11.91,0.193214087444732
"1193",11.92,0.19131272097018
"1194",11.93,0.189430058155596
"1195",11.94,0.187565915154199
"1196",11.95,0.185720109923572
"1197",11.96,0.183892462208009
"1198",11.97,0.18208279352103
"1199",11.98,0.180290927128066
"1200",11.99,0.178516688029316
"1201",12,0.17675990294277
